"","Mean","Standard.Deviation"
"1",1899.86834631434,2603.50699102876
"2",6224.75011744998,6204.00338166283
"3",13354.8272332841,6242.12809477627
