"","Mean","Standard.Deviation"
"1",2801.08063256878,2075.62803904033
"2",5862.89302324935,4061.96725378618
"3",15304.5053237389,7912.39774306247
