"","Mean","Standard.Deviation"
"1",1493.25933414155,2148.8971847484
"2",7570.86102969715,5494.69952960038
"3",13273.5506458934,5972.25928725046
